,precision,recall,f1_score,auc,number_of_predictions,true_positives
jaccard,0.0,0.0,0.0,0.6037191858791175,137.0,0.0
adamic_adar,0.021897810218978103,0.021897810218978103,0.021897810218978103,0.6101277904204317,137.0,3.0
preferential_attachment,0.0364963503649635,0.0364963503649635,0.0364963503649635,0.685767049908143,137.0,5.0
resource_allocation,0.021897810218978103,0.021897810218978103,0.021897810218978103,0.6100549144289852,137.0,3.0
common_neighbors,0.021897810218978103,0.021897810218978103,0.021897810218978103,0.6229117830911081,137.0,3.0
cosine,0.021897810218978103,0.021897810218978103,0.021897810218978103,0.620123663623912,137.0,3.0
simrank,0.0,0.0,0.0,0.6089017815283636,137.0,0.0
