{
    "jaccard": {
        "precision": 0.0,
        "recall": 0.0,
        "f1_score": 0,
        "auc": 0.6037191858791175,
        "number_of_predictions": 137,
        "true_positives": 0
    },
    "adamic_adar": {
        "precision": 0.021897810218978103,
        "recall": 0.021897810218978103,
        "f1_score": 0.021897810218978103,
        "auc": 0.6101277904204317,
        "number_of_predictions": 137,
        "true_positives": 3
    },
    "preferential_attachment": {
        "precision": 0.0364963503649635,
        "recall": 0.0364963503649635,
        "f1_score": 0.0364963503649635,
        "auc": 0.685767049908143,
        "number_of_predictions": 137,
        "true_positives": 5
    },
    "resource_allocation": {
        "precision": 0.021897810218978103,
        "recall": 0.021897810218978103,
        "f1_score": 0.021897810218978103,
        "auc": 0.6100549144289852,
        "number_of_predictions": 137,
        "true_positives": 3
    },
    "common_neighbors": {
        "precision": 0.021897810218978103,
        "recall": 0.021897810218978103,
        "f1_score": 0.021897810218978103,
        "auc": 0.6229117830911081,
        "number_of_predictions": 137,
        "true_positives": 3
    },
    "cosine": {
        "precision": 0.021897810218978103,
        "recall": 0.021897810218978103,
        "f1_score": 0.021897810218978103,
        "auc": 0.620123663623912,
        "number_of_predictions": 137,
        "true_positives": 3
    },
    "simrank": {
        "precision": 0.0,
        "recall": 0.0,
        "f1_score": 0,
        "auc": 0.6089017815283636,
        "number_of_predictions": 137,
        "true_positives": 0
    }
}